Designator,Footprint,Quantity,Value,LCSC Part #
"C1, C31, C32, C34, C35",CP_EIA-3216-18_Kemet-A,5,10uF,
"C10, C11, C13, C14, C15, C16, C17, C18, C21, C22, C23, C24, C29, C33, C6, C7",C_0603_1608Metric_Pad1.08x0.95mm_HandSolder,16,0.1uF,
C12,C_0603_1608Metric_Pad1.08x0.95mm_HandSolder,1,0.01uF,
"C19, C20",C_0603_1608Metric_Pad1.08x0.95mm_HandSolder,2,2.2nF,
C2,CP_EIA-3528-21_Kemet-B,1,100uF,
"C25, C26, C27, C28, C3",C_0603_1608Metric_Pad1.08x0.95mm_HandSolder,5,1uF,
C30,C_1206_3216Metric,1,22uF,
"C4, C5",C_0603_1608Metric_Pad1.08x0.95mm_HandSolder,2,15pF,
"C8, C9",C_0603_1608Metric_Pad1.08x0.95mm_HandSolder,2,2.2uF,
"D1, D2, D6, D7, D9",D_1206_3216Metric_Pad1.42x1.75mm_HandSolder,5,CUHS20S30,
"D10, D8",D_0603_1608Metric_Pad1.05x0.95mm_HandSolder,2,D_TVS,
"D11, D3, D4, D5",LED_0603_1608Metric_Pad1.05x0.95mm_HandSolder,4,Led_Small,
"FB1, FB2, FB3",L_0805_2012Metric_Pad1.15x1.40mm_HandSolder,3,BK2125HS750-T,
"H1, H2",MountingHole_3.7mm,2,MountingHole,
"H3, H4",MountingHole_2.7mm_M2.5,2,MountingHole,
IC1,SOP65P640X120-20N,1,SLG46826G,
J1,HDMI_Mini_Female_2001-1-2-21-00-BK,1,HDMI_C_1.3,
J10,PinHeader_1x04_P2.54mm_Vertical,1,Conn_01x04,
J11,microSD_HC_Hirose_DM3AT-SF-PEJM5,1,Micro_SD_Card_Det_Hirose_DM3AT,
J12,PinHeader_1x02_P2.54mm_Vertical,1,Filter Sel,
"J2, J7, J9",PinHeader_1x02_P2.54mm_Vertical,3,Conn_01x02_Male,
J3,AudioJack_3.5_pj313d-smt,1,MIDI OUT,
J4,Raspberry_Pi_Zero_Socketed_THT_FaceDown_MountingHoles,1,RasPI_IO_Header_B+,
J5,AudioJack_3.5_pj313d-smt,1,AudioJack3,
J6,AudioJack_3.5_pj313d-smt,1,MIDI IN,
J8,PinHeader_2x05_P2.54mm_Vertical,1,Conn_02x05_Odd_Even,
"JP1, JP10",PinHeader_1x02_P2.54mm_Vertical,2,Jumper_NC_Small,
"JP11, JP7, JP9",SolderJumper-3_P1.3mm_Bridged12_RoundedPad1.0x1.5mm,3,SolderJumper_3_Bridged12,
"JP2, JP6, JP8",SolderJumper-2_P1.3mm_Open_RoundedPad1.0x1.5mm,3,Jumper_NO_Small,
"JP3, JP4, JP5",SolderJumper-2_P1.3mm_Bridged_RoundedPad1.0x1.5mm,3,Jumper_NC_Small,
"Q1, Q2",SC-59_Handsoldering,2,2SA1162GR,
"Q3, Q4, Q5, Q6",SC-59_Handsoldering,4,2SC2712GR,
"R1, R19",R_2512_6332Metric_Pad1.40x3.35mm_HandSolder,2,R100 (0.1Ω),
"R10, R11, R18, R27, R4, R5, R8",R_0603_1608Metric_Pad0.98x0.95mm_HandSolder,7,10K,
"R12, R13",R_0603_1608Metric_Pad0.98x0.95mm_HandSolder,2,110,
R14,R_0603_1608Metric_Pad0.98x0.95mm_HandSolder,1,2.2K,
R15,R_0603_1608Metric_Pad0.98x0.95mm_HandSolder,1,120,
"R16, R17",R_0603_1608Metric_Pad0.98x0.95mm_HandSolder,2,470,
"R2, R3",R_0603_1608Metric_Pad0.98x0.95mm_HandSolder,2,"R100 (0.1Ω, 0.1W)",C713431
"R20, R21, R22, R23",R_0603_1608Metric_Pad0.98x0.95mm_HandSolder,4,22,
"R24, R6, R7, R9",R_0603_1608Metric_Pad0.98x0.95mm_HandSolder,4,1K,
R25,R_0603_1608Metric_Pad0.98x0.95mm_HandSolder,1,18k,
R26,R_0603_1608Metric_Pad0.98x0.95mm_HandSolder,1,33k,
"RP1, RP2, RP3, RP4, RP7",R_Array_Convex_4x0603,5,4.7k,
RP10,R_Array_Convex_4x0603,1,47,
"RP5, RP6",R_Array_Convex_4x0603,2,270,
"RP8, RP9",R_Array_Convex_4x0603,2,47k,
"SW1, SW2",Pin_Header_Straight_1x03,2,SWITCH_INV,
"TP1, TP4, TP5",TestPoint_THTPad_2.0x2.0mm_Drill1.0mm,3,GND,
"TP2, TP3",TestPoint_THTPad_2.0x2.0mm_Drill1.0mm,2,TestPoint,
TP6,TestPoint_THTPad_2.0x2.0mm_Drill1.0mm,1,GNDA,
TR1,XDCR_PLT133_T10W,1,PLT133/T10W,
U1,x68000-ext-cardedge,1,Bus-X68000-ext,
U10,SSOP-48_7.5x15.9mm_Pitch0.635mm,1,74LVTH162245,
U11,WM8804GEDS&slash_RV,1,WM8804GEDS/RV,
"U12, U13",TSSOP-20_4.4x6.5mm_Pitch0.65mm,2,TC7MPB9307F,
U14,MODULE_P0082_TOPMOUNT,1,P0082(DE0-NANO),
U15,XDCR_PLT133_T10W,1,PLR135-T10,
U16,TSSOP-20_4.4x6.5mm_P0.65mm,1,PCM5102A,
"U17, U21",SOT-23-5_HandSoldering,2,XC6201P332MR-G,
U18,SMDIP-6_W7.62mm,1,H11L1,
"U19, U20",VSSOP-20_3x5mm_P0.5mm,2,TC7MPB9307F,
U2,SOT-223-3_TabPin2,1,LM1117GS-3.3,
U22,SOP-8_5.28x5.23mm_P1.27mm,1,PCA9515DP,
U23,TSSOP-20_4.4x6.5mm_Pitch0.65mm,1,74LVC541A,
U3,QFN-16-1EP_4x4mm_Pitch0.65mm,1,INA3221,
"U4, U5, U6, U7, U8, U9",SSOP-48_7.5x15.9mm_Pitch0.635mm,6,74AHC16374,
X1,Oscillator_SMD_Abracon_ASV-4Pin_7.0x5.1mm,1,ASV-24.576MHz,
Y1,Crystal_SMD_HC49-SD,1,XJHCELNANF-12MHZ,
